Student_ID,Previous_Exam_Score,Subject1_Score,Subject2_Score,Attendance,Study_Hours,Participation,Homework_Completion,Teacher_Feedback,Family_Support,Socioeconomic_Background,Pass_Indicator
1,80,75,85,90,25,80,95,Positive,High,Good,1
2,75,70,80,85,20,75,90,Positive,Medium,Moderate,1
3,85,80,90,92,30,85,98,Positive,Low,Good,1
4,60,65,70,80,15,70,80,Positive,High,Good,0
5,70,75,75,88,22,78,88,Positive,Medium,Moderate,1
6,78,85,88,91,28,82,94,Positive,Low,Good,1
7,55,60,65,75,12,65,75,Neutral,High,Good,0
8,90,92,95,96,35,90,99,Positive,Medium,Moderate,1
9,68,72,78,84,18,74,85,Positive,Low,Good,1
10,72,78,82,87,23,80,92,Positive,High,Good,1
11,82,88,92,94,32,87,97,Positive,Medium,Moderate,1
12,65,70,75,79,17,68,82,Positive,Low,Good,0
13,75,80,85,88,25,78,90,Positive,High,Good,1
14,58,62,68,76,14,62,72,Neutral,Medium,Moderate,0
15,88,90,94,97,34,88,96,Positive,Low,Good,1
16,70,75,80,86,21,76,88,Positive,High,Good,1
17,77,82,87,90,27,82,93,Positive,Medium,Moderate,1
18,63,68,72,78,16,70,80,Neutral,Low,Good,0
19,85,88,90,94,31,85,98,Positive,High,Good,1
20,72,78,82,87,23,80,92,Positive,Medium,Moderate,1
21,78,82,87,90,27,82,93,Positive,Medium,Moderate,1
22,63,68,72,78,16,70,80,Neutral,Low,Good,0
23,85,88,90,94,31,85,98,Positive,High,Good,1
24,72,78,82,87,23,80,92,Positive,Medium,Moderate,1
25,82,88,92,94,32,87,97,Positive,Low,Good,1
26,65,70,75,79,17,68,82,Positive,High,Good,0
27,75,80,85,88,25,78,90,Positive,Medium,Moderate,1
28,58,62,68,76,14,62,72,Neutral,High,Good,0
29,88,90,94,97,34,88,96,Positive,Low,Good,1
30,70,75,80,86,21,76,88,Positive,High,Good,1
31,77,82,87,90,27,82,93,Positive,Medium,Moderate,1
32,63,68,72,78,16,70,80,Neutral,Low,Good,0
33,85,88,90,94,31,85,98,Positive,High,Good,1
34,72,78,82,87,23,80,92,Positive,Medium,Moderate,1
35,82,88,92,94,32,87,97,Positive,Low,Good,1
36,65,70,75,79,17,68,82,Positive,High,Good,0
37,75,80,85,88,25,78,90,Positive,Medium,Moderate,1
38,58,62,68,76,14,62,72,Neutral,High,Good,0
39,88,90,94,97,34,88,96,Positive,Low,Good,1
40,70,75,80,86,21,76,88,Positive,High,Good,1
41,72,78,82,87,23,80,92,Positive,Medium,Moderate,1
42,82,88,92,94,32,87,97,Positive,Low,Good,1
43,65,70,75,79,17,68,82,Positive,High,Good,0
44,75,80,85,88,25,78,90,Positive,Medium,Moderate,1
45,58,62,68,76,14,62,72,Neutral,High,Good,0
46,88,90,94,97,34,88,96,Positive,Low,Good,1
47,70,75,80,86,21,76,88,Positive,High,Good,1
48,77,82,87,90,27,82,93,Positive,Medium,Moderate,1
49,63,68,72,78,16,70,80,Neutral,Low,Good,0
50,85,88,90,94,31,85,98,Positive,High,Good,1
51,72,78,82,87,23,80,92,Positive,Medium,Moderate,1
52,82,88,92,94,32,87,97,Positive,Low,Good,1
53,65,70,75,79,17,68,82,Positive,High,Good,0
54,75,80,85,88,25,78,90,Positive,Medium,Moderate,1
55,58,62,68,76,14,62,72,Neutral,High,Good,0
56,88,90,94,97,34,88,96,Positive,Low,Good,1
57,70,75,80,86,21,76,88,Positive,High,Good,1
58,77,82,87,90,27,82,93,Positive,Medium,Moderate,1
59,63,68,72,78,16,70,80,Neutral,Low,Good,0
60,85,88,90,94,31,85,98,Positive,High,Good,1
61,82,88,92,94,32,87,97,Positive,Low,Good,1
62,65,70,75,79,17,68,82,Positive,High,Good,0
63,75,80,85,88,25,78,90,Positive,Medium,Moderate,1
64,58,62,68,76,14,62,72,Neutral,High,Good,0
65,88,90,94,97,34,88,96,Positive,Low,Good,1
66,70,75,80,86,21,76,88,Positive,High,Good,1
67,77,82,87,90,27,82,93,Positive,Medium,Moderate,1
68,63,68,72,78,16,70,80,Neutral,Low,Good,0
69,85,88,90,94,31,85,98,Positive,High,Good,1
70,72,78,82,87,23,80,92,Positive,Medium,Moderate,1
71,82,88,92,94,32,87,97,Positive,Low,Good,1
72,65,70,75,79,17,68,82,Positive,High,Good,0
73,75,80,85,88,25,78,90,Positive,Medium,Moderate,1
74,58,62,68,76,14,62,72,Neutral,High,Good,0
75,88,90,94,97,34,88,96,Positive,Low,Good,1
76,70,75,80,86,21,76,88,Positive,High,Good,1
77,77,82,87,90,27,82,93,Positive,Medium,Moderate,1
78,63,68,72,78,16,70,80,Neutral,Low,Good,0
79,85,88,90,94,31,85,98,Positive,High,Good,1
80,72,78,82,87,23,80,92,Positive,Medium,Moderate,1
81,82,88,92,94,32,87,97,Positive,Low,Good,1
82,65,70,75,79,17,68,82,Positive,High,Good,0
83,75,80,85,88,25,78,90,Positive,Medium,Moderate,1
84,58,62,68,76,14,62,72,Neutral,High,Good,0
85,88,90,94,97,34,88,96,Positive,Low,Good,1
86,70,75,80,86,21,76,88,Positive,High,Good,1
87,77,82,87,90,27,82,93,Positive,Medium,Moderate,1
88,63,68,72,78,16,70,80,Neutral,Low,Good,0
89,85,88,90,94,31,85,98,Positive,High,Good,1
90,72,78,82,87,23,80,92,Positive,Medium,Moderate,1
91,82,88,92,94,32,87,97,Positive,Low,Good,1
92,65,70,75,79,17,68,82,Positive,High,Good,0
93,75,80,85,88,25,78,90,Positive,Medium,Moderate,1
94,58,62,68,76,14,62,72,Neutral,High,Good,0
95,88,90,94,97,34,88,96,Positive,Low,Good,1
96,70,75,80,86,21,76,88,Positive,High,Good,1
97,77,82,87,90,27,82,93,Positive,Medium,Moderate,1
98,63,68,72,78,16,70,80,Neutral,Low,Good,0
99,85,88,90,94,31,85,98,Positive,High,Good,1
100,72,78,82,87,23,80,92,Positive,Medium,Moderate,1
101,65,70,75,79,17,68,82,Positive,High,Good,0
102,75,80,85,88,25,78,90,Positive,Medium,Moderate,1
103,58,62,68,76,14,62,72,Neutral,High,Good,0
104,88,90,94,97,34,88,96,Positive,Low,Good,1
105,70,75,80,86,21,76,88,Positive,High,Good,1
106,77,82,87,90,27,82,93,Positive,Medium,Moderate,1
107,63,68,72,78,16,70,80,Neutral,Low,Good,0
108,85,88,90,94,31,85,98,Positive,High,Good,1
109,72,78,82,87,23,80,92,Positive,Medium,Moderate,1
110,82,88,92,94,32,87,97,Positive,Low,Good,1
111,65,70,75,79,17,68,82,Positive,High,Good,0
112,75,80,85,88,25,78,90,Positive,Medium,Moderate,1
113,58,62,68,76,14,62,72,Neutral,High,Good,0
114,88,90,94,97,34,88,96,Positive,Low,Good,1
115,70,75,80,86,21,76,88,Positive,High,Good,1
116,77,82,87,90,27,82,93,Positive,Medium,Moderate,1
117,63,68,72,78,16,70,80,Neutral,Low,Good,0
118,85,88,90,94,31,85,98,Positive,High,Good,1
119,72,78,82,87,23,80,92,Positive,Medium,Moderate,1
120,82,88,92,94,32,87,97,Positive,Low,Good,1
121,65,70,75,79,17,68,82,Positive,High,Good,0
122,75,80,85,88,25,78,90,Positive,Medium,Moderate,1
123,58,62,68,76,14,62,72,Neutral,High,Good,0
124,88,90,94,97,34,88,96,Positive,Low,Good,1
125,70,75,80,86,21,76,88,Positive,High,Good,1
126,77,82,87,90,27,82,93,Positive,Medium,Moderate,1
127,63,68,72,78,16,70,80,Neutral,Low,Good,0
128,85,88,90,94,31,85,98,Positive,High,Good,1
129,72,78,82,87,23,80,92,Positive,Medium,Moderate,1
130,82,88,92,94,32,87,97,Positive,Low,Good,1
131,65,70,75,79,17,68,82,Positive,High,Good,0
132,75,80,85,88,25,78,90,Positive,Medium,Moderate,1
133,58,62,68,76,14,62,72,Neutral,High,Good,0
134,88,90,94,97,34,88,96,Positive,Low,Good,1
135,70,75,80,86,21,76,88,Positive,High,Good,1
136,77,82,87,90,27,82,93,Positive,Medium,Moderate,1
137,63,68,72,78,16,70,80,Neutral,Low,Good,0
138,85,88,90,94,31,85,98,Positive,High,Good,1
139,72,78,82,87,23,80,92,Positive,Medium,Moderate,1
140,82,88,92,94,32,87,97,Positive,Low,Good,1
141,65,70,75,79,17,68,82,Positive,High,Good,0
142,75,80,85,88,25,78,90,Positive,Medium,Moderate,1
143,58,62,68,76,14,62,72,Neutral,High,Good,0
144,88,90,94,97,34,88,96,Positive,Low,Good,1
145,70,75,80,86,21,76,88,Positive,High,Good,1
146,77,82,87,90,27,82,93,Positive,Medium,Moderate,1
147,63,68,72,78,16,70,80,Neutral,Low,Good,0
148,85,88,90,94,31,85,98,Positive,High,Good,1
149,72,78,82,87,23,80,92,Positive,Medium,Moderate,1
150,82,88,92,94,32,87,97,Positive,Low,Good,1
151,65,70,75,79,17,68,82,Positive,High,Good,0
152,75,80,85,88,25,78,90,Positive,Medium,Moderate,1
153,58,62,68,76,14,62,72,Neutral,High,Good,0
154,88,90,94,97,34,88,96,Positive,Low,Good,1
155,70,75,80,86,21,76,88,Positive,High,Good,1
156,77,82,87,90,27,82,93,Positive,Medium,Moderate,1
157,63,68,72,78,16,70,80,Neutral,Low,Good,0
158,85,88,90,94,31,85,98,Positive,High,Good,1
159,72,78,82,87,23,80,92,Positive,Medium,Moderate,1
160,82,88,92,94,32,87,97,Positive,Low,Good,1
161,65,70,75,79,17,68,82,Positive,High,Good,0
162,75,80,85,88,25,78,90,Positive,Medium,Moderate,1
163,58,62,68,76,14,62,72,Neutral,High,Good,0
164,88,90,94,97,34,88,96,Positive,Low,Good,1
165,70,75,80,86,21,76,88,Positive,High,Good,1
166,77,82,87,90,27,82,93,Positive,Medium,Moderate,1
167,63,68,72,78,16,70,80,Neutral,Low,Good,0
168,85,88,90,94,31,85,98,Positive,High,Good,1
169,72,78,82,87,23,80,92,Positive,Medium,Moderate,1
170,82,88,92,94,32,87,97,Positive,Low,Good,1
171,65,70,75,79,17,68,82,Positive,High,Good,0
172,75,80,85,88,25,78,90,Positive,Medium,Moderate,1
173,58,62,68,76,14,62,72,Neutral,High,Good,0
174,88,90,94,97,34,88,96,Positive,Low,Good,1
175,70,75,80,86,21,76,88,Positive,High,Good,1
176,77,82,87,90,27,82,93,Positive,Medium,Moderate,1
177,63,68,72,78,16,70,80,Neutral,Low,Good,0
178,85,88,90,94,31,85,98,Positive,High,Good,1
179,72,78,82,87,23,80,92,Positive,Medium,Moderate,1
180,82,88,92,94,32,87,97,Positive,Low,Good,1
181,65,70,75,79,17,68,82,Positive,High,Good,0
182,75,80,85,88,25,78,90,Positive,Medium,Moderate,1
183,58,62,68,76,14,62,72,Neutral,High,Good,0
184,88,90,94,97,34,88,96,Positive,Low,Good,1
185,70,75,80,86,21,76,88,Positive,High,Good,1
186,77,82,87,90,27,82,93,Positive,Medium,Moderate,1
187,63,68,72,78,16,70,80,Neutral,Low,Good,0
188,85,88,90,94,31,85,98,Positive,High,Good,1
189,72,78,82,87,23,80,92,Positive,Medium,Moderate,1
190,82,88,92,94,32,87,97,Positive,Low,Good,1
191,65,70,75,79,17,68,82,Positive,High,Good,0
192,75,80,85,88,25,78,90,Positive,Medium,Moderate,1
193,58,62,68,76,14,62,72,Neutral,High,Good,0
194,88,90,94,97,34,88,96,Positive,Low,Good,1
195,70,75,80,86,21,76,88,Positive,High,Good,1
196,77,82,87,90,27,82,93,Positive,Medium,Moderate,1
197,63,68,72,78,16,70,80,Neutral,Low,Good,0
198,85,88,90,94,31,85,98,Positive,High,Good,1
199,72,78,82,87,23,80,92,Positive,Medium,Moderate,1
200,82,88,92,94,32,87,97,Positive,Low,Good,1
201,65,70,75,79,17,68,82,Positive,High,Good,0
202,75,80,85,88,25,78,90,Positive,Medium,Moderate,1
203,58,62,68,76,14,62,72,Neutral,High,Good,0
204,88,90,94,97,34,88,96,Positive,Low,Good,1
205,70,75,80,86,21,76,88,Positive,High,Good,1
206,77,82,87,90,27,82,93,Positive,Medium,Moderate,1
207,63,68,72,78,16,70,80,Neutral,Low,Good,0
208,85,88,90,94,31,85,98,Positive,High,Good,1
209,72,78,82,87,23,80,92,Positive,Medium,Moderate,1
210,82,88,92,94,32,87,97,Positive,Low,Good,1
211,65,70,75,79,17,68,82,Positive,High,Good,0
212,75,80,85,88,25,78,90,Positive,Medium,Moderate,1
213,58,62,68,76,14,62,72,Neutral,High,Good,0
214,88,90,94,97,34,88,96,Positive,Low,Good,1
215,70,75,80,86,21,76,88,Positive,High,Good,1
216,77,82,87,90,27,82,93,Positive,Medium,Moderate,1
217,63,68,72,78,16,70,80,Neutral,Low,Good,0
218,85,88,90,94,31,85,98,Positive,High,Good,1
219,72,78,82,87,23,80,92,Positive,Medium,Moderate,1
220,82,88,92,94,32,87,97,Positive,Low,Good,1
221,65,70,75,79,17,68,82,Positive,High,Good,0
222,75,80,85,88,25,78,90,Positive,Medium,Moderate,1
223,58,62,68,76,14,62,72,Neutral,High,Good,0
224,88,90,94,97,34,88,96,Positive,Low,Good,1
225,70,75,80,86,21,76,88,Positive,High,Good,1
226,77,82,87,90,27,82,93,Positive,Medium,Moderate,1
227,63,68,72,78,16,70,80,Neutral,Low,Good,0
228,85,88,90,94,31,85,98,Positive,High,Good,1
229,72,78,82,87,23,80,92,Positive,Medium,Moderate,1
230,82,88,92,94,32,87,97,Positive,Low,Good,1
231,65,70,75,79,17,68,82,Positive,High,Good,0
232,75,80,85,88,25,78,90,Positive,Medium,Moderate,1
233,58,62,68,76,14,62,72,Neutral,High,Good,0
234,88,90,94,97,34,88,96,Positive,Low,Good,1
235,70,75,80,86,21,76,88,Positive,High,Good,1
236,77,82,87,90,27,82,93,Positive,Medium,Moderate,1
237,63,68,72,78,16,70,80,Neutral,Low,Good,0
238,85,88,90,94,31,85,98,Positive,High,Good,1
239,72,78,82,87,23,80,92,Positive,Medium,Moderate,1
240,82,88,92,94,32,87,97,Positive,Low,Good,1
241,65,70,75,79,17,68,82,Positive,High,Good,0
242,75,80,85,88,25,78,90,Positive,Medium,Moderate,1
243,58,62,68,76,14,62,72,Neutral,High,Good,0
244,88,90,94,97,34,88,96,Positive,Low,Good,1
245,70,75,80,86,21,76,88,Positive,High,Good,1
246,77,82,87,90,27,82,93,Positive,Medium,Moderate,1
247,63,68,72,78,16,70,80,Neutral,Low,Good,0
248,85,88,90,94,31,85,98,Positive,High,Good,1
249,72,78,82,87,23,80,92,Positive,Medium,Moderate,1
250,82,88,92,94,32,87,97,Positive,Low,Good,1
251,65,70,75,79,17,68,82,Positive,High,Good,0
252,75,80,85,88,25,78,90,Positive,Medium,Moderate,1
253,58,62,68,76,14,62,72,Neutral,High,Good,0
254,88,90,94,97,34,88,96,Positive,Low,Good,1
255,70,75,80,86,21,76,88,Positive,High,Good,1
256,77,82,87,90,27,82,93,Positive,Medium,Moderate,1
257,63,68,72,78,16,70,80,Neutral,Low,Good,0
258,85,88,90,94,31,85,98,Positive,High,Good,1
259,72,78,82,87,23,80,92,Positive,Medium,Moderate,1
260,82,88,92,94,32,87,97,Positive,Low,Good,1
261,65,70,75,79,17,68,82,Positive,High,Good,0
262,75,80,85,88,25,78,90,Positive,Medium,Moderate,1
263,58,62,68,76,14,62,72,Neutral,High,Good,0
264,88,90,94,97,34,88,96,Positive,Low,Good,1
265,70,75,80,86,21,76,88,Positive,High,Good,1
266,77,82,87,90,27,82,93,Positive,Medium,Moderate,1
267,63,68,72,78,16,70,80,Neutral,Low,Good,0
268,85,88,90,94,31,85,98,Positive,High,Good,1
269,72,78,82,87,23,80,92,Positive,Medium,Moderate,1
270,82,88,92,94,32,87,97,Positive,Low,Good,1
271,65,70,75,79,17,68,82,Positive,High,Good,0
272,75,80,85,88,25,78,90,Positive,Medium,Moderate,1
273,58,62,68,76,14,62,72,Neutral,High,Good,0
274,88,90,94,97,34,88,96,Positive,Low,Good,1
275,70,75,80,86,21,76,88,Positive,High,Good,1
276,77,82,87,90,27,82,93,Positive,Medium,Moderate,1
277,63,68,72,78,16,70,80,Neutral,Low,Good,0
278,85,88,90,94,31,85,98,Positive,High,Good,1
279,72,78,82,87,23,80,92,Positive,Medium,Moderate,1
280,82,88,92,94,32,87,97,Positive,Low,Good,1
281,65,70,75,79,17,68,82,Positive,High,Good,0
282,75,80,85,88,25,78,90,Positive,Medium,Moderate,1
283,58,62,68,76,14,62,72,Neutral,High,Good,0
284,88,90,94,97,34,88,96,Positive,Low,Good,1
285,70,75,80,86,21,76,88,Positive,High,Good,1
286,77,82,87,90,27,82,93,Positive,Medium,Moderate,1
287,63,68,72,78,16,70,80,Neutral,Low,Good,0
288,85,88,90,94,31,85,98,Positive,High,Good,1
289,72,78,82,87,23,80,92,Positive,Medium,Moderate,1
290,82,88,92,94,32,87,97,Positive,Low,Good,1
291,65,70,75,79,17,68,82,Positive,High,Good,0
292,75,80,85,88,25,78,90,Positive,Medium,Moderate,1
293,58,62,68,76,14,62,72,Neutral,High,Good,0
294,88,90,94,97,34,88,96,Positive,Low,Good,1
295,70,75,80,86,21,76,88,Positive,High,Good,1
296,77,82,87,90,27,82,93,Positive,Medium,Moderate,1
297,63,68,72,78,16,70,80,Neutral,Low,Good,0
298,85,88,90,94,31,85,98,Positive,High,Good,1
299,72,78,82,87,23,80,92,Positive,Medium,Moderate,1
300,82,88,92,94,32,87,97,Positive,Low,,
301,65,70,75,79,17,68,82,Positive,High,Good,0
302,75,80,85,88,25,78,90,Positive,Medium,Moderate,1
303,58,62,68,76,14,62,72,Neutral,High,Good,0
304,88,90,94,97,34,88,96,Positive,Low,Good,1
305,70,75,80,86,21,76,88,Positive,High,Good,1
306,77,82,87,90,27,82,93,Positive,Medium,Moderate,1
307,63,68,72,78,16,70,80,Neutral,Low,Good,0
308,85,88,90,94,31,85,98,Positive,High,Good,1
309,72,78,82,87,23,80,92,Positive,Medium,Moderate,1
310,82,88,92,94,32,87,97,Positive,Low,Good,1
311,65,70,75,79,17,68,82,Positive,High,Good,0
312,75,80,85,88,25,78,90,Positive,Medium,Moderate,1
313,58,62,68,76,14,62,72,Neutral,High,Good,0
314,88,90,94,97,34,88,96,Positive,Low,Good,1
315,70,75,80,86,21,76,88,Positive,High,Good,1
316,77,82,87,90,27,82,93,Positive,Medium,Moderate,1
317,63,68,72,78,16,70,80,Neutral,Low,Good,0
318,85,88,90,94,31,85,98,Positive,High,Good,1
319,72,78,82,87,23,80,92,Positive,Medium,Moderate,1
320,82,88,92,94,32,87,97,Positive,Low,Good,1
321,65,70,75,79,17,68,82,Positive,High,Good,0
322,75,80,85,88,25,78,90,Positive,Medium,Moderate,1
323,58,62,68,76,14,62,72,Neutral,High,Good,0
324,88,90,94,97,34,88,96,Positive,Low,Good,1
325,70,75,80,86,21,76,88,Positive,High,Good,1
326,77,82,87,90,27,82,93,Positive,Medium,Moderate,1
327,63,68,72,78,16,70,80,Neutral,Low,Good,0
328,85,88,90,94,31,85,98,Positive,High,Good,1
329,72,78,82,87,23,80,92,Positive,Medium,Moderate,1
330,82,88,92,94,32,87,97,Positive,Low,Good,1
331,65,70,75,79,17,68,82,Positive,High,Good,0
332,75,80,85,88,25,78,90,Positive,Medium,Moderate,1
333,58,62,68,76,14,62,72,Neutral,High,Good,0
334,88,90,94,97,34,88,96,Positive,Low,Good,1
335,70,75,80,86,21,76,88,Positive,High,Good,1
336,77,82,87,90,27,82,93,Positive,Medium,Moderate,1
337,63,68,72,78,16,70,80,Neutral,Low,Good,0
338,85,88,90,94,31,85,98,Positive,High,Good,1
339,72,78,82,87,23,80,92,Positive,Medium,Moderate,1
340,82,88,92,94,32,87,97,Positive,Low,Good,1
341,65,70,75,79,17,68,82,Positive,High,Good,0
342,75,80,85,88,25,78,90,Positive,Medium,Moderate,1
343,58,62,68,76,14,62,72,Neutral,High,Good,0
344,88,90,94,97,34,88,96,Positive,Low,Good,1
345,70,75,80,86,21,76,88,Positive,High,Good,1
346,77,82,87,90,27,82,93,Positive,Medium,Moderate,1
347,63,68,72,78,16,70,80,Neutral,Low,Good,0
348,85,88,90,94,31,85,98,Positive,High,Good,1
349,72,78,82,87,23,80,92,Positive,Medium,Moderate,1
350,82,88,92,94,32,87,97,Positive,Low,Good,1
351,65,70,75,79,17,68,82,Positive,High,Good,0
352,75,80,85,88,25,78,90,Positive,Medium,Moderate,1
353,58,62,68,76,14,62,72,Neutral,High,Good,0
354,88,90,94,97,34,88,96,Positive,Low,Good,1
355,70,75,80,86,21,76,88,Positive,High,Good,1
356,77,82,87,90,27,82,93,Positive,Medium,Moderate,1
357,63,68,72,78,16,70,80,Neutral,Low,Good,0
358,85,88,90,94,31,85,98,Positive,High,Good,1
359,72,78,82,87,23,80,92,Positive,Medium,Moderate,1
360,82,88,92,94,32,87,97,Positive,Low,Good,1
361,65,70,75,79,17,68,82,Positive,High,Good,0
362,75,80,85,88,25,78,90,Positive,Medium,Moderate,1
363,58,62,68,76,14,62,72,Neutral,High,Good,0
364,88,90,94,97,34,88,96,Positive,Low,Good,1
365,70,75,80,86,21,76,88,Positive,High,Good,1
366,77,82,87,90,27,82,93,Positive,Medium,Moderate,1
367,63,68,72,78,16,70,80,Neutral,Low,Good,0
368,85,88,90,94,31,85,98,Positive,High,Good,1
369,72,78,82,87,23,80,92,Positive,Medium,Moderate,1
370,82,88,92,94,32,87,97,Positive,Low,Good,1
371,65,70,75,79,17,68,82,Positive,High,Good,0
372,75,80,85,88,25,78,90,Positive,Medium,Moderate,1
373,58,62,68,76,14,62,72,Neutral,High,Good,0
374,88,90,94,97,34,88,96,Positive,Low,Good,1
375,70,75,80,86,21,76,88,Positive,High,Good,1
376,77,82,87,90,27,82,93,Positive,Medium,Moderate,1
377,63,68,72,78,16,70,80,Neutral,Low,Good,0
378,85,88,90,94,31,85,98,Positive,High,Good,1
379,72,78,82,87,23,80,92,Positive,Medium,Moderate,1
380,82,88,92,94,32,87,97,Positive,Low,Good,1
381,65,70,75,79,17,68,82,Positive,High,Good,0
382,75,80,85,88,25,78,90,Positive,Medium,Moderate,1
383,58,62,68,76,14,62,72,Neutral,High,Good,0
384,88,90,94,97,34,88,96,Positive,Low,Good,1
385,70,75,80,86,21,76,88,Positive,High,Good,1
386,77,82,87,90,27,82,93,Positive,Medium,Moderate,1
387,63,68,72,78,16,70,80,Neutral,Low,Good,0
388,85,88,90,94,31,85,98,Positive,High,Good,1
389,72,78,82,87,23,80,92,Positive,Medium,Moderate,1
390,82,88,92,94,32,87,97,Positive,Low,Good,1
391,65,70,75,79,17,68,82,Positive,High,Good,0
392,75,80,85,88,25,78,90,Positive,Medium,Moderate,1
393,58,62,68,76,14,62,72,Neutral,High,Good,0
394,88,90,94,97,34,88,96,Positive,Low,Good,1
395,70,75,80,86,21,76,88,Positive,High,Good,1
396,77,82,87,90,27,82,93,Positive,Medium,Moderate,1
397,63,68,72,78,16,70,80,Neutral,Low,Good,0
398,85,88,90,94,31,85,98,Positive,High,Good,1
399,72,78,82,87,23,80,92,Positive,Medium,Moderate,1
400,82,88,92,94,32,87,97,Positive,Low,Good,1
401,65,70,75,79,17,68,82,Positive,High,Good,0
402,75,80,85,88,25,78,90,Positive,Medium,Moderate,1
403,58,62,68,76,14,62,72,Neutral,High,Good,0
404,88,90,94,97,34,88,96,Positive,Low,Good,1
405,70,75,80,86,21,76,88,Positive,High,Good,1
406,77,82,87,90,27,82,93,Positive,Medium,Moderate,1
407,63,68,72,78,16,70,80,Neutral,Low,Good,0
408,85,88,90,94,31,85,98,Positive,High,Good,1
409,72,78,82,87,23,80,92,Positive,Medium,Moderate,1
410,82,88,92,94,32,87,97,Positive,Low,Good,1
411,65,70,75,79,17,68,82,Positive,High,Good,0
412,75,80,85,88,25,78,90,Positive,Medium,Moderate,1
413,58,62,68,76,14,62,72,Neutral,High,Good,0
414,88,90,94,97,34,88,96,Positive,Low,Good,1
415,70,75,80,86,21,76,88,Positive,High,Good,1
416,77,82,87,90,27,82,93,Positive,Medium,Moderate,1
417,63,68,72,78,16,70,80,Neutral,Low,Good,0
418,85,88,90,94,31,85,98,Positive,High,Good,1
419,72,78,82,87,23,80,92,Positive,Medium,Moderate,1
420,82,88,92,94,32,87,97,Positive,Low,Good,1
421,65,70,75,79,17,68,82,Positive,High,Good,0
422,75,80,85,88,25,78,90,Positive,Medium,Moderate,1
423,58,62,68,76,14,62,72,Neutral,High,Good,0
424,88,90,94,97,34,88,96,Positive,Low,Good,1
425,70,75,80,86,21,76,88,Positive,High,Good,1
426,77,82,87,90,27,82,93,Positive,Medium,Moderate,1
427,63,68,72,78,16,70,80,Neutral,Low,Good,0
428,85,88,90,94,31,85,98,Positive,High,Good,1
429,72,78,82,87,23,80,92,Positive,Medium,Moderate,1
430,82,88,92,94,32,87,97,Positive,Low,Good,1
431,65,70,75,79,17,68,82,Positive,High,Good,0
432,75,80,85,88,25,78,90,Positive,Medium,Moderate,1
433,58,62,68,76,14,62,72,Neutral,High,Good,0
434,88,90,94,97,34,88,96,Positive,Low,Good,1
435,70,75,80,86,21,76,88,Positive,High,Good,1
436,77,82,87,90,27,82,93,Positive,Medium,Moderate,1
437,63,68,72,78,16,70,80,Neutral,Low,Good,0
438,85,88,90,94,31,85,98,Positive,High,Good,1
439,72,78,82,87,23,80,92,Positive,Medium,Moderate,1
440,82,88,92,94,32,87,97,Positive,Low,Good,1
441,65,70,75,79,17,68,82,Positive,High,Good,0
442,75,80,85,88,25,78,90,Positive,Medium,Moderate,1
443,58,62,68,76,14,62,72,Neutral,High,Good,0
444,88,90,94,97,34,88,96,Positive,Low,Good,1
445,70,75,80,86,21,76,88,Positive,High,Good,1
446,77,82,87,90,27,82,93,Positive,Medium,Moderate,1
447,63,68,72,78,16,70,80,Neutral,Low,Good,0
448,85,88,90,94,31,85,98,Positive,High,Good,1
449,72,78,82,87,23,80,92,Positive,Medium,Moderate,1
450,82,88,92,94,32,87,97,Positive,Low,Good,1
451,65,70,75,79,17,68,82,Positive,High,Good,0
452,75,80,85,88,25,78,90,Positive,Medium,Moderate,1
453,58,62,68,76,14,62,72,Neutral,High,Good,0
454,88,90,94,97,34,88,96,Positive,Low,Good,1
455,70,75,80,86,21,76,88,Positive,High,Good,1
456,77,82,87,90,27,82,93,Positive,Medium,Moderate,1
457,63,68,72,78,16,70,80,Neutral,Low,Good,0
458,85,88,90,94,31,85,98,Positive,High,Good,1
459,72,78,82,87,23,80,92,Positive,Medium,Moderate,1
460,82,88,92,94,32,87,97,Positive,Low,Good,1
461,65,70,75,79,17,68,82,Positive,High,Good,0
462,75,80,85,88,25,78,90,Positive,Medium,Moderate,1
463,58,62,68,76,14,62,72,Neutral,High,Good,0
464,88,90,94,97,34,88,96,Positive,Low,Good,1
465,70,75,80,86,21,76,88,Positive,High,Good,1
466,77,82,87,90,27,82,93,Positive,Medium,Moderate,1
467,63,68,72,78,16,70,80,Neutral,Low,Good,0
468,85,88,90,94,31,85,98,Positive,High,Good,1
469,72,78,82,87,23,80,92,Positive,Medium,Moderate,1
470,82,88,92,94,32,87,97,Positive,Low,Good,1
471,65,70,75,79,17,68,82,Positive,High,Good,0
472,75,80,85,88,25,78,90,Positive,Medium,Moderate,1
473,58,62,68,76,14,62,72,Neutral,High,Good,0
474,88,90,94,97,34,88,96,Positive,Low,Good,1
475,70,75,80,86,21,76,88,Positive,High,Good,1
476,77,82,87,90,27,82,93,Positive,Medium,Moderate,1
477,63,68,72,78,16,70,80,Neutral,Low,Good,0
478,85,88,90,94,31,85,98,Positive,High,Good,1
479,72,78,82,87,23,80,92,Positive,Medium,Moderate,1
480,82,88,92,94,32,87,97,Positive,Low,Good,1
481,65,70,75,79,17,68,82,Positive,High,Good,0
482,75,80,85,88,25,78,90,Positive,Medium,Moderate,1
483,58,62,68,76,14,62,72,Neutral,High,Good,0
484,88,90,94,97,34,88,96,Positive,Low,Good,1
485,70,75,80,86,21,76,88,Positive,High,Good,1
486,77,82,87,90,27,82,93,Positive,Medium,Moderate,1
487,63,68,72,78,16,70,80,Neutral,Low,Good,0
488,85,88,90,94,31,85,98,Positive,High,Good,1
489,72,78,82,87,23,80,92,Positive,Medium,Moderate,1
490,82,88,92,94,32,87,97,Positive,Low,Good,1
491,65,70,75,79,17,68,82,Positive,High,Good,0
492,75,80,85,88,25,78,90,Positive,Medium,Moderate,1
493,58,62,68,76,14,62,72,Neutral,High,Good,0
494,88,90,94,97,34,88,96,Positive,Low,Good,1
495,70,75,80,86,21,76,88,Positive,High,Good,1
496,77,82,87,90,27,82,93,Positive,Medium,Moderate,1
497,63,68,72,78,16,70,80,Neutral,Low,Good,0
498,85,88,90,94,31,85,98,Positive,High,Good,1
499,72,78,82,87,23,80,92,Positive,Medium,Moderate,1
500,82,88,92,94,32,87,97,Positive,Low,Good,1
501,65,70,75,79,17,68,82,Positive,High,Good,0
502,75,80,85,88,25,78,90,Positive,Medium,Moderate,1
503,58,62,68,76,14,62,72,Neutral,High,Good,0
504,88,90,94,97,34,88,96,Positive,Low,Good,1
505,70,75,80,86,21,76,88,Positive,High,Good,1
506,77,82,87,90,27,82,93,Positive,Medium,Moderate,1
507,63,68,72,78,16,70,80,Neutral,Low,Good,0
508,85,88,90,94,31,85,98,Positive,High,Good,1
509,72,78,82,87,23,80,92,Positive,Medium,Moderate,1
510,82,88,92,94,32,87,97,Positive,Low,Good,1
511,65,70,75,79,17,68,82,Positive,High,Good,0
512,75,80,85,88,25,78,90,Positive,Medium,Moderate,1
513,58,62,68,76,14,62,72,Neutral,High,Good,0
514,88,90,94,97,34,88,96,Positive,Low,Good,1
515,70,75,80,86,21,76,88,Positive,High,Good,1
516,77,82,87,90,27,82,93,Positive,Medium,Moderate,1
517,63,68,72,78,16,70,80,Neutral,Low,Good,0
518,85,88,90,94,31,85,98,Positive,High,Good,1
519,72,78,82,87,23,80,92,Positive,Medium,Moderate,1
520,82,88,92,94,32,87,97,Positive,Low,Good,1
521,65,70,75,79,17,68,82,Positive,High,Good,0
522,75,80,85,88,25,78,90,Positive,Medium,Moderate,1
523,58,62,68,76,14,62,72,Neutral,High,Good,0
524,88,90,94,97,34,88,96,Positive,Low,Good,1
525,70,75,80,86,21,76,88,Positive,High,Good,1
526,77,82,87,90,27,82,93,Positive,Medium,Moderate,1
527,63,68,72,78,16,70,80,Neutral,Low,Good,0
528,85,88,90,94,31,85,98,Positive,High,Good,1
529,72,78,82,87,23,80,92,Positive,Medium,Moderate,1
530,82,88,92,94,32,87,97,Positive,Low,Good,1
531,65,70,75,79,17,68,82,Positive,High,Good,0
532,75,80,85,88,25,78,90,Positive,Medium,Moderate,1
533,58,62,68,76,14,62,72,Neutral,High,Good,0
534,88,90,94,97,34,88,96,Positive,Low,Good,1
535,70,75,80,86,21,76,88,Positive,High,Good,1
536,77,82,87,90,27,82,93,Positive,Medium,Moderate,1
537,63,68,72,78,16,70,80,Neutral,Low,Good,0
538,85,88,90,94,31,85,98,Positive,High,Good,1
539,72,78,82,87,23,80,92,Positive,Medium,Moderate,1
540,82,88,92,94,32,87,97,Positive,Low,Good,1
541,65,70,75,79,17,68,82,Positive,High,Good,0
542,75,80,85,88,25,78,90,Positive,Medium,Moderate,1
543,58,62,68,76,14,62,72,Neutral,High,Good,0
544,88,90,94,97,34,88,96,Positive,Low,Good,1
545,70,75,80,86,21,76,88,Positive,High,Good,1
546,77,82,87,90,27,82,93,Positive,Medium,Moderate,1
547,63,68,72,78,16,70,80,Neutral,Low,Good,0
548,85,88,90,94,31,85,98,Positive,High,Good,1
549,72,78,82,87,23,80,92,Positive,Medium,Moderate,1
550,82,88,92,94,32,87,97,Positive,Low,Good,1
551,65,70,75,79,17,68,82,Positive,High,Good,0
552,75,80,85,88,25,78,90,Positive,Medium,Moderate,1
553,58,62,68,76,14,62,72,Neutral,High,Good,0
554,88,90,94,97,34,88,96,Positive,Low,Good,1
555,70,75,80,86,21,76,88,Positive,High,Good,1
556,77,82,87,90,27,82,93,Positive,Medium,Moderate,1
557,63,68,72,78,16,70,80,Neutral,Low,Good,0
558,85,88,90,94,31,85,98,Positive,High,Good,1
559,72,78,82,87,23,80,92,Positive,Medium,Moderate,1
560,82,88,92,94,32,87,97,Positive,Low,Good,1
561,65,70,75,79,17,68,82,Positive,High,Good,0
562,75,80,85,88,25,78,90,Positive,Medium,Moderate,1
563,58,62,68,76,14,62,72,Neutral,High,Good,0
564,88,90,94,97,34,88,96,Positive,Low,Good,1
565,70,75,80,86,21,76,88,Positive,High,Good,1
566,77,82,87,90,27,82,93,Positive,Medium,Moderate,1
567,63,68,72,78,16,70,80,Neutral,Low,Good,0
568,85,88,90,94,31,85,98,Positive,High,Good,1
569,72,78,82,87,23,80,92,Positive,Medium,Moderate,1
570,82,88,92,94,32,87,97,Positive,Low,Good,1
571,65,70,75,79,17,68,82,Positive,High,Good,0
572,75,80,85,88,25,78,90,Positive,Medium,Moderate,1
573,58,62,68,76,14,62,72,Neutral,High,Good,0
574,88,90,94,97,34,88,96,Positive,Low,Good,1
575,70,75,80,86,21,76,88,Positive,High,Good,1
576,77,82,87,90,27,82,93,Positive,Medium,Moderate,1
577,63,68,72,78,16,70,80,Neutral,Low,Good,0
578,85,88,90,94,31,85,98,Positive,High,Good,1
579,72,78,82,87,23,80,92,Positive,Medium,Moderate,1
580,82,88,92,94,32,87,97,Positive,Low,Good,1
581,65,70,75,79,17,68,82,Positive,High,Good,0
582,75,80,85,88,25,78,90,Positive,Medium,Moderate,1
583,58,62,68,76,14,62,72,Neutral,High,Good,0
584,88,90,94,97,34,88,96,Positive,Low,Good,1
585,70,75,80,86,21,76,88,Positive,High,Good,1
586,77,82,87,90,27,82,93,Positive,Medium,Moderate,1
587,63,68,72,78,16,70,80,Neutral,Low,Good,0
588,85,88,90,94,31,85,98,Positive,High,Good,1
589,72,78,82,87,23,80,92,Positive,Medium,Moderate,1
590,82,88,92,94,32,87,97,Positive,Low,Good,1
591,65,70,75,79,17,68,82,Positive,High,Good,0
592,75,80,85,88,25,78,90,Positive,Medium,Moderate,1
593,58,62,68,76,14,62,72,Neutral,High,Good,0
594,88,90,94,97,34,88,96,Positive,Low,Good,1
595,70,75,80,86,21,76,88,Positive,High,Good,1
596,77,82,87,90,27,82,93,Positive,Medium,Moderate,1
597,63,68,72,78,16,70,80,Neutral,Low,Good,0
598,85,88,90,94,31,85,98,Positive,High,Good,1
599,72,78,82,87,23,80,92,Positive,Medium,Moderate,1
600,82,88,92,94,32,87,97,Positive,Low,Good,1
601,65,70,75,79,17,68,82,Positive,High,Good,0
602,75,80,85,88,25,78,90,Positive,Medium,Moderate,1
603,58,62,68,76,14,62,72,Neutral,High,Good,0
604,88,90,94,97,34,88,96,Positive,Low,Good,1
605,70,75,80,86,21,76,88,Positive,High,Good,1
606,77,82,87,90,27,82,93,Positive,Medium,Moderate,1
607,63,68,72,78,16,70,80,Neutral,Low,Good,0
608,85,88,90,94,31,85,98,Positive,High,Good,1
609,72,78,82,87,23,80,92,Positive,Medium,Moderate,1
610,82,88,92,94,32,87,97,Positive,Low,Good,1
611,65,70,75,79,17,68,82,Positive,High,Good,0
612,75,80,85,88,25,78,90,Positive,Medium,Moderate,1
613,58,62,68,76,14,62,72,Neutral,High,Good,0
614,88,90,94,97,34,88,96,Positive,Low,Good,1
615,70,75,80,86,21,76,88,Positive,High,Good,1
616,77,82,87,90,27,82,93,Positive,Medium,Moderate,1
617,63,68,72,78,16,70,80,Neutral,Low,Good,0
618,85,88,90,94,31,85,98,Positive,High,Good,1
619,72,78,82,87,23,80,92,Positive,Medium,Moderate,1
620,82,88,92,94,32,87,97,Positive,Low,Good,1
621,65,70,75,79,17,68,82,Positive,High,Good,0
622,75,80,85,88,25,78,90,Positive,Medium,Moderate,1
623,58,62,68,76,14,62,72,Neutral,High,Good,0
624,88,90,94,97,34,88,96,Positive,Low,Good,1
625,70,75,80,86,21,76,88,Positive,High,Good,1
626,77,82,87,90,27,82,93,Positive,Medium,Moderate,1
627,63,68,72,78,16,70,80,Neutral,Low,Good,0
628,85,88,90,94,31,85,98,Positive,High,Good,1
629,72,78,82,87,23,80,92,Positive,Medium,Moderate,1
630,82,88,92,94,32,87,97,Positive,Low,Good,1
631,65,70,75,79,17,68,82,Positive,High,Good,0
632,75,80,85,88,25,78,90,Positive,Medium,Moderate,1
633,58,62,68,76,14,62,72,Neutral,High,Good,0
634,88,90,94,97,34,88,96,Positive,Low,Good,1
635,70,75,80,86,21,76,88,Positive,High,Good,1
636,77,82,87,90,27,82,93,Positive,Medium,Moderate,1
637,63,68,72,78,16,70,80,Neutral,Low,Good,0
638,85,88,90,94,31,85,98,Positive,High,Good,1
639,72,78,82,87,23,80,92,Positive,Medium,Moderate,1
640,82,88,92,94,32,87,97,Positive,Low,Good,1
641,65,70,75,79,17,68,82,Positive,High,Good,0
642,75,80,85,88,25,78,90,Positive,Medium,Moderate,1
643,58,62,68,76,14,62,72,Neutral,High,Good,0
644,88,90,94,97,34,88,96,Positive,Low,Good,1
645,70,75,80,86,21,76,88,Positive,High,Good,1
646,77,82,87,90,27,82,93,Positive,Medium,Moderate,1
647,63,68,72,78,16,70,80,Neutral,Low,Good,0
648,85,88,90,94,31,85,98,Positive,High,Good,1
649,72,78,82,87,23,80,92,Positive,Medium,Moderate,1
650,82,88,92,94,32,87,97,Positive,Low,Good,1
651,65,70,75,79,17,68,82,Positive,High,Good,0
652,75,80,85,88,25,78,90,Positive,Medium,Moderate,1
653,58,62,68,76,14,62,72,Neutral,High,Good,0
654,88,90,94,97,34,88,96,Positive,Low,Good,1
655,70,75,80,86,21,76,88,Positive,High,Good,1
656,77,82,87,90,27,82,93,Positive,Medium,Moderate,1
657,63,68,72,78,16,70,80,Neutral,Low,Good,0
658,85,88,90,94,31,85,98,Positive,High,Good,1
659,72,78,82,87,23,80,92,Positive,Medium,Moderate,1
660,82,88,92,94,32,87,97,Positive,Low,Good,1
661,65,70,75,79,17,68,82,Positive,High,Good,0
662,75,80,85,88,25,78,90,Positive,Medium,Moderate,1
663,58,62,68,76,14,62,72,Neutral,High,Good,0
664,88,90,94,97,34,88,96,Positive,Low,Good,1
665,70,75,80,86,21,76,88,Positive,High,Good,1
666,77,82,87,90,27,82,93,Positive,Medium,Moderate,1
667,63,68,72,78,16,70,80,Neutral,Low,Good,0
668,85,88,90,94,31,85,98,Positive,High,Good,1
669,72,78,82,87,23,80,92,Positive,Medium,Moderate,1
670,82,88,92,94,32,87,97,Positive,Low,Good,1
671,65,70,75,79,17,68,82,Positive,High,Good,0
672,75,80,85,88,25,78,90,Positive,Medium,Moderate,1
673,58,62,68,76,14,62,72,Neutral,High,Good,0
674,88,90,94,97,34,88,96,Positive,Low,Good,1
675,70,75,80,86,21,76,88,Positive,High,Good,1
676,77,82,87,90,27,82,93,Positive,Medium,Moderate,1
677,63,68,72,78,16,70,80,Neutral,Low,Good,0
678,85,88,90,94,31,85,98,Positive,High,Good,1
679,72,78,82,87,23,80,92,Positive,Medium,Moderate,1
680,82,88,92,94,32,87,97,Positive,Low,Good,1
681,65,70,75,79,17,68,82,Positive,High,Good,0
682,75,80,85,88,25,78,90,Positive,Medium,Moderate,1
683,58,62,68,76,14,62,72,Neutral,High,Good,0
684,88,90,94,97,34,88,96,Positive,Low,Good,1
685,70,75,80,86,21,76,88,Positive,High,Good,1
686,77,82,87,90,27,82,93,Positive,Medium,Moderate,1
687,63,68,72,78,16,70,80,Neutral,Low,Good,0
688,85,88,90,94,31,85,98,Positive,High,Good,1
689,72,78,82,87,23,80,92,Positive,Medium,Moderate,1
690,82,88,92,94,32,87,97,Positive,Low,Good,1
691,65,70,75,79,17,68,82,Positive,High,Good,0
692,75,80,85,88,25,78,90,Positive,Medium,Moderate,1
693,58,62,68,76,14,62,72,Neutral,High,Good,0
694,88,90,94,97,34,88,96,Positive,Low,Good,1
695,70,75,80,86,21,76,88,Positive,High,Good,1
696,77,82,87,90,27,82,93,Positive,Medium,Moderate,1
697,63,68,72,78,16,70,80,Neutral,Low,Good,0
698,85,88,90,94,31,85,98,Positive,High,Good,1
699,72,78,82,87,23,80,92,Positive,Medium,Moderate,1
700,82,88,92,94,32,87,97,Positive,Low,Good,1
701,65,70,75,79,17,68,82,Positive,High,Good,0
702,75,80,85,88,25,78,90,Positive,Medium,Moderate,
703,58,62,68,76,14,62,72,Neutral,High,Good,0
704,88,90,94,97,34,88,96,Positive,Low,Good,1
705,70,75,80,86,21,76,88,Positive,High,Good,1
706,77,82,87,90,27,82,93,Positive,Medium,Moderate,1
707,63,68,72,78,16,70,80,Neutral,Low,Good,0
708,85,88,90,94,31,85,98,Positive,High,Good,1
709,72,78,82,87,23,80,92,Positive,Medium,Moderate,1
710,82,88,92,94,32,87,97,Positive,Low,Good,1
711,65,70,75,79,17,68,82,Positive,High,Good,0
712,75,80,85,88,25,78,90,Positive,Medium,Moderate,1
713,58,62,68,76,14,62,72,Neutral,High,Good,0
714,88,90,94,97,34,88,96,Positive,Low,Good,1
715,70,75,80,86,21,76,88,Positive,High,Good,1
716,77,82,87,90,27,82,93,Positive,Medium,Moderate,1
717,63,68,72,78,16,70,80,Neutral,Low,Good,0
718,85,88,90,94,31,85,98,Positive,High,Good,1
719,72,78,82,87,23,80,92,Positive,Medium,Moderate,1
720,82,88,92,94,32,87,97,Positive,Low,Good,1
721,65,70,75,79,17,68,82,Positive,High,Good,0
722,75,80,85,88,25,78,90,Positive,Medium,Moderate,1
723,58,62,68,76,14,62,72,Neutral,High,Good,0
724,88,90,94,97,34,88,96,Positive,Low,Good,1
725,70,75,80,86,21,76,88,Positive,High,Good,1
726,77,82,87,90,27,82,93,Positive,Medium,Moderate,1
727,63,68,72,78,16,70,80,Neutral,Low,Good,0
728,85,88,90,94,31,85,98,Positive,High,Good,1
729,72,78,82,87,23,80,92,Positive,Medium,Moderate,1
730,82,88,92,94,32,87,97,Positive,Low,Good,1
731,65,70,75,79,17,68,82,Positive,High,Good,0
732,75,80,85,88,25,78,90,Positive,Medium,Moderate,1
733,58,62,68,76,14,62,72,Neutral,High,Good,0
734,88,90,94,97,34,88,96,Positive,Low,Good,1
735,70,75,80,86,21,76,88,Positive,High,Good,1
736,77,82,87,90,27,82,93,Positive,Medium,Moderate,1
737,63,68,72,78,16,70,80,Neutral,Low,Good,0
738,85,88,90,94,31,85,98,Positive,High,Good,1
739,72,78,82,87,23,80,92,Positive,Medium,Moderate,1
740,82,88,92,94,32,87,97,Positive,Low,Good,1
741,65,70,75,79,17,68,82,Positive,High,Good,0
742,75,80,85,88,25,78,90,Positive,Medium,Moderate,1
743,58,62,68,76,14,62,72,Neutral,High,Good,0
744,88,90,94,97,34,88,96,Positive,Low,Good,1
745,70,75,80,86,21,76,88,Positive,High,Good,1
746,77,82,87,90,27,82,93,Positive,Medium,Moderate,1
747,63,68,72,78,16,70,80,Neutral,Low,Good,0
748,85,88,90,94,31,85,98,Positive,High,Good,1
749,72,78,82,87,23,80,92,Positive,Medium,Moderate,1
750,82,88,92,94,32,87,97,Positive,Low,Good,1
751,65,70,75,79,17,68,82,Positive,High,Good,0
752,75,80,85,88,25,78,90,Positive,Medium,Moderate,1
753,58,62,68,76,14,62,72,Neutral,High,Good,0
754,88,90,94,97,34,88,96,Positive,Low,Good,1
755,70,75,80,86,21,76,88,Positive,High,Good,1
756,77,82,87,90,27,82,93,Positive,Medium,Moderate,1
757,63,68,72,78,16,70,80,Neutral,Low,Good,0
758,85,88,90,94,31,85,98,Positive,High,Good,1
759,72,78,82,87,23,80,92,Positive,Medium,Moderate,1
760,82,88,92,94,32,87,97,Positive,Low,Good,1
761,65,70,75,79,17,68,82,Positive,High,Good,0
762,75,80,85,88,25,78,90,Positive,Medium,Moderate,1
763,58,62,68,76,14,62,72,Neutral,High,Good,0
764,88,90,94,97,34,88,96,Positive,Low,Good,1
765,70,75,80,86,21,76,88,Positive,High,Good,1
766,77,82,87,90,27,82,93,Positive,Medium,Moderate,1
767,63,68,72,78,16,70,80,Neutral,Low,Good,0
768,85,88,90,94,31,85,98,Positive,High,Good,1
769,72,78,82,87,23,80,92,Positive,Medium,Moderate,1
770,82,88,92,94,32,87,97,Positive,Low,Good,1
771,65,70,75,79,17,68,82,Positive,High,Good,0
772,75,80,85,88,25,78,90,Positive,Medium,Moderate,1
773,58,62,68,76,14,62,72,Neutral,High,Good,0
774,88,90,94,97,34,88,96,Positive,Low,Good,1
775,70,75,80,86,21,76,88,Positive,High,Good,1
776,77,82,87,90,27,82,93,Positive,Medium,Moderate,1
777,63,68,72,78,16,70,80,Neutral,Low,Good,0
778,85,88,90,94,31,85,98,Positive,High,Good,1
779,72,78,82,87,23,80,92,Positive,Medium,Moderate,1
780,82,88,92,94,32,87,97,Positive,Low,Good,1
781,65,70,75,79,17,68,82,Positive,High,Good,0
782,75,80,85,88,25,78,90,Positive,Medium,Moderate,1
783,58,62,68,76,14,62,72,Neutral,High,Good,0
784,88,90,94,97,34,88,96,Positive,Low,Good,1
785,70,75,80,86,21,76,88,Positive,High,Good,1
786,77,82,87,90,27,82,93,Positive,Medium,Moderate,1
787,63,68,72,78,16,70,80,Neutral,Low,Good,0
788,85,88,90,94,31,85,98,Positive,High,Good,1
789,72,78,82,87,23,80,92,Positive,Medium,Moderate,1
790,82,88,92,94,32,87,97,Positive,Low,Good,1
791,65,70,75,79,17,68,82,Positive,High,Good,1
792,75,80,85,88,25,78,90,Positive,Medium,Moderate,1
793,58,62,68,76,14,62,72,Neutral,High,Good,0
794,88,90,94,97,34,88,96,Positive,Low,Good,1
795,70,75,80,86,21,76,88,Positive,High,Good,1
796,77,82,87,90,27,82,93,Positive,Medium,Moderate,1
797,63,68,72,78,16,70,80,Neutral,Low,Good,0
798,85,88,90,94,31,85,98,Positive,High,Good,1
799,72,78,82,87,23,80,92,Positive,Medium,Moderate,1
800,82,88,92,94,32,87,97,Positive,Low,Good,1
801,65,70,75,79,17,68,82,Positive,High,Good,0
802,75,80,85,88,25,78,90,Positive,Medium,Moderate,1
803,58,62,68,76,14,62,72,Neutral,High,Good,0
804,88,90,94,97,34,88,96,Positive,Low,Good,1
805,70,75,80,86,21,76,88,Positive,High,Good,1
806,77,82,87,90,27,82,93,Positive,Medium,Moderate,1
807,63,68,72,78,16,70,80,Neutral,Low,Good,0
808,85,88,90,94,31,85,98,Positive,High,Good,1
809,72,78,82,87,23,80,92,Positive,Medium,Moderate,1
810,82,88,92,94,32,87,97,Positive,Low,Good,1
811,65,70,75,79,17,68,82,Positive,High,Good,0
812,75,80,85,88,25,78,90,Positive,Medium,Moderate,1
813,58,62,68,76,14,62,72,Neutral,High,Good,0
814,88,90,94,97,34,88,96,Positive,Low,Good,1
815,70,75,80,86,21,76,88,Positive,High,Good,1
816,77,82,87,90,27,82,93,Positive,Medium,Moderate,1
817,63,68,72,78,16,70,80,Neutral,Low,Good,0
818,85,88,90,94,31,85,98,Positive,High,Good,1
819,72,78,82,87,23,80,92,Positive,Medium,Moderate,1
820,82,88,92,94,32,87,97,Positive,Low,Good,1
821,65,70,75,79,17,68,82,Positive,High,Good,0
822,75,80,85,88,25,78,90,Positive,Medium,Moderate,1
823,58,62,68,76,14,62,72,Neutral,High,Good,0
824,88,90,94,97,34,88,96,Positive,Low,Good,1
825,70,75,80,86,21,76,88,Positive,High,Good,1
826,77,82,87,90,27,82,93,Positive,Medium,Moderate,1
827,63,68,72,78,16,70,80,Neutral,Low,Good,0
828,85,88,90,94,31,85,98,Positive,High,Good,1
829,72,78,82,87,23,80,92,Positive,Medium,Moderate,1
830,82,88,92,94,32,87,97,Positive,Low,Good,1
831,65,70,75,79,17,68,82,Positive,High,Good,0
832,75,80,85,88,25,78,90,Positive,Medium,Moderate,1
833,58,62,68,76,14,62,72,Neutral,High,Good,0
834,88,90,94,97,34,88,96,Positive,Low,Good,1
835,70,75,80,86,21,76,88,Positive,High,Good,1
836,77,82,87,90,27,82,93,Positive,Medium,Moderate,1
837,63,68,72,78,16,70,80,Neutral,Low,Good,0
838,85,88,90,94,31,85,98,Positive,High,Good,1
839,72,78,82,87,23,80,92,Positive,Medium,Moderate,1
840,82,88,92,94,32,87,97,Positive,Low,Good,1
841,65,70,75,79,17,68,82,Positive,High,Good,0
842,75,80,85,88,25,78,90,Positive,Medium,Moderate,1
843,58,62,68,76,14,62,72,Neutral,High,Good,0
844,88,90,94,97,34,88,96,Positive,Low,Good,1
845,70,75,80,86,21,76,88,Positive,High,Good,1
846,77,82,87,90,27,82,93,Positive,Medium,Moderate,1
847,63,68,72,78,16,70,80,Neutral,Low,Good,0
848,85,88,90,94,31,85,98,Positive,High,Good,1
849,72,78,82,87,23,80,92,Positive,Medium,Moderate,1
850,82,88,92,94,32,87,97,Positive,Low,Good,1
851,65,70,75,79,17,68,82,Positive,High,Good,0
852,75,80,85,88,25,78,90,Positive,Medium,Moderate,1
853,58,62,68,76,14,62,72,Neutral,High,Good,0
854,88,90,94,97,34,88,96,Positive,Low,Good,1
855,70,75,80,86,21,76,88,Positive,High,Good,1
856,77,82,87,90,27,82,93,Positive,Medium,Moderate,1
857,63,68,72,78,16,70,80,Neutral,Low,Good,0
858,85,88,90,94,31,85,98,Positive,High,Good,1
859,72,78,82,87,23,80,92,Positive,Medium,Moderate,1
860,82,88,92,94,32,87,97,Positive,Low,Good,1
861,65,70,75,79,17,68,82,Positive,High,Good,0
862,75,80,85,88,25,78,90,Positive,Medium,Moderate,1
863,58,62,68,76,14,62,72,Neutral,High,Good,0
864,88,90,94,97,34,88,96,Positive,Low,Good,1
865,70,75,80,86,21,76,88,Positive,High,Good,1
866,77,82,87,90,27,82,93,Positive,Medium,Moderate,1
867,63,68,72,78,16,70,80,Neutral,Low,Good,0
868,85,88,90,94,31,85,98,Positive,High,Good,1
869,72,78,82,87,23,80,92,Positive,Medium,Moderate,1
870,82,88,92,94,32,87,97,Positive,Low,Good,1
871,65,70,75,79,17,68,82,Positive,High,Good,0
872,75,80,85,88,25,78,90,Positive,Medium,Moderate,1
873,58,62,68,76,14,62,72,Neutral,High,Good,0
874,88,90,94,97,34,88,96,Positive,Low,Good,1
875,70,75,80,86,21,76,88,Positive,High,Good,1
876,77,82,87,90,27,82,93,Positive,Medium,Moderate,1
877,63,68,72,78,16,70,80,Neutral,Low,Good,0
878,85,88,90,94,31,85,98,Positive,High,Good,1
879,72,78,82,87,23,80,92,Positive,Medium,Moderate,1
880,82,88,92,94,32,87,97,Positive,Low,Good,1
881,65,70,75,79,17,68,82,Positive,High,Good,0
882,75,80,85,88,25,78,90,Positive,Medium,Moderate,1
883,58,62,68,76,14,62,72,Neutral,High,Good,0
884,88,90,94,97,34,88,96,Positive,Low,Good,1
885,70,75,80,86,21,76,88,Positive,High,Good,1
886,77,82,87,90,27,82,93,Positive,Medium,Moderate,1
887,63,68,72,78,16,70,80,Neutral,Low,Good,0
888,85,88,90,94,31,85,98,Positive,High,Good,1
889,72,78,82,87,23,80,92,Positive,Medium,Moderate,1
890,82,88,92,94,32,87,97,Positive,Low,Good,1
891,65,70,75,79,17,68,82,Positive,High,Good,0
892,75,80,85,88,25,78,90,Positive,Medium,Moderate,1
893,58,62,68,76,14,62,72,Neutral,High,Good,0
894,88,90,94,97,34,88,96,Positive,Low,Good,1
895,70,75,80,86,21,76,88,Positive,High,Good,1
896,77,82,87,90,27,82,93,Positive,Medium,Moderate,1
897,63,68,72,78,16,70,80,Neutral,Low,Good,0
898,85,88,90,94,31,85,98,Positive,High,Good,1
899,72,78,82,87,23,80,92,Positive,Medium,Moderate,1
900,82,88,92,94,32,87,97,Positive,Low,Good,1
901,65,70,75,79,17,68,82,Positive,High,Good,0
902,75,80,85,88,25,78,90,Positive,Medium,Moderate,1
903,58,62,68,76,14,62,72,Neutral,High,Good,0
904,88,90,94,97,34,88,96,Positive,Low,Good,1
905,70,75,80,86,21,76,88,Positive,High,Good,1
906,77,82,87,90,27,82,93,Positive,Medium,Moderate,1
907,63,68,72,78,16,70,80,Neutral,Low,Good,0
908,85,88,90,94,31,85,98,Positive,High,Good,1
909,72,78,82,87,23,80,92,Positive,Medium,Moderate,1
910,82,88,92,94,32,87,97,Positive,Low,Good,1
911,65,70,75,79,17,68,82,Positive,High,Good,0
912,75,80,85,88,25,78,90,Positive,Medium,Moderate,1
913,58,62,68,76,14,62,72,Neutral,High,Good,0
914,88,90,94,97,34,88,96,Positive,Low,Good,1
915,70,75,80,86,21,76,88,Positive,High,Good,1
916,77,82,87,90,27,82,93,Positive,Medium,Moderate,1
917,63,68,72,78,16,70,80,Neutral,Low,Good,0
918,85,88,90,94,31,85,98,Positive,High,Good,1
919,72,78,82,87,23,80,92,Positive,Medium,Moderate,1
920,82,88,92,94,32,87,97,Positive,Low,Good,1
921,65,70,75,79,17,68,82,Positive,High,Good,0
922,75,80,85,88,25,78,90,Positive,Medium,Moderate,1
923,58,62,68,76,14,62,72,Neutral,High,Good,0
924,88,90,94,97,34,88,96,Positive,Low,Good,1
925,70,75,80,86,21,76,88,Positive,High,Good,1
926,77,82,87,90,27,82,93,Positive,Medium,Moderate,1
927,63,68,72,78,16,70,80,Neutral,Low,Good,0
928,85,88,90,94,31,85,98,Positive,High,Good,1
929,72,78,82,87,23,80,92,Positive,Medium,Moderate,1
930,82,88,92,94,32,87,97,Positive,Low,Good,1
931,65,70,75,79,17,68,82,Positive,High,Good,0
932,75,80,85,88,25,78,90,Positive,Medium,Moderate,1
933,58,62,68,76,14,62,72,Neutral,High,Good,0
934,88,90,94,97,34,88,96,Positive,Low,Good,1
935,70,75,80,86,21,76,88,Positive,High,Good,1
936,77,82,87,90,27,82,93,Positive,Medium,Moderate,1
937,63,68,72,78,16,70,80,Neutral,Low,Good,0
938,85,88,90,94,31,85,98,Positive,High,Good,1
939,72,78,82,87,23,80,92,Positive,Medium,Moderate,1
940,82,88,92,94,32,87,97,Positive,Low,Good,1
941,65,70,75,79,17,68,82,Positive,High,Good,0
942,75,80,85,88,25,78,90,Positive,Medium,Moderate,1
943,58,62,68,76,14,62,72,Neutral,High,Good,0
944,88,90,94,97,34,88,96,Positive,Low,Good,1
945,70,75,80,86,21,76,88,Positive,High,Good,1
946,77,82,87,90,27,82,93,Positive,Medium,Moderate,1
947,63,68,72,78,16,70,80,Neutral,Low,Good,0
948,85,88,90,94,31,85,98,Positive,High,Good,1
949,72,78,82,87,23,80,92,Positive,Medium,Moderate,1
950,82,88,92,94,32,87,97,Positive,Low,Good,1
951,65,70,75,79,17,68,82,Positive,High,Good,0
952,75,80,85,88,25,78,90,Positive,Medium,Moderate,1
953,58,62,68,76,14,62,72,Neutral,High,Good,0
954,88,90,94,97,34,88,96,Positive,Low,Good,1
955,70,75,80,86,21,76,88,Positive,High,Good,1
956,77,82,87,90,27,82,93,Positive,Medium,Moderate,1
957,63,68,72,78,16,70,80,Neutral,Low,Good,0
958,85,88,90,94,31,85,98,Positive,High,Good,1
959,72,78,82,87,23,80,92,Positive,Medium,Moderate,1
960,82,88,92,94,32,87,97,Positive,Low,Good,1
961,65,70,75,79,17,68,82,Positive,High,Good,0
962,75,80,85,88,25,78,90,Positive,Medium,Moderate,1
963,58,62,68,76,14,62,72,Neutral,High,Good,0
964,88,90,94,97,34,88,96,Positive,Low,Good,1
965,70,75,80,86,21,76,88,Positive,High,Good,1
966,77,82,87,90,27,82,93,Positive,Medium,Moderate,1
967,63,68,72,78,16,70,80,Neutral,Low,Good,0
968,85,88,90,94,31,85,98,Positive,High,Good,1
969,72,78,82,87,23,80,92,Positive,Medium,Moderate,1
970,82,88,92,94,32,87,97,Positive,Low,Good,1
971,65,70,75,79,17,68,82,Positive,High,Good,0
972,75,80,85,88,25,78,90,Positive,Medium,Moderate,1
973,58,62,68,76,14,62,72,Neutral,High,Good,0
974,88,90,94,97,34,88,96,Positive,Low,Good,1
975,70,75,80,86,21,76,88,Positive,High,Good,1
976,77,82,87,90,27,82,93,Positive,Medium,Moderate,1
977,63,68,72,78,16,70,80,Neutral,Low,Good,0
978,85,88,90,94,31,85,98,Positive,High,Good,1
979,72,78,82,87,23,80,92,Positive,Medium,Moderate,1
980,82,88,92,94,32,87,97,Positive,Low,Good,1
981,65,70,75,79,17,68,82,Positive,High,Good,0
982,75,80,85,88,25,78,90,Positive,Medium,Moderate,1
983,58,62,68,76,14,62,72,Neutral,High,Good,0
984,88,90,94,97,34,88,96,Positive,Low,Good,1
985,70,75,80,86,21,76,88,Positive,High,Good,1
986,77,82,87,90,27,82,93,Positive,Medium,Moderate,1
987,63,68,72,78,16,70,80,Neutral,Low,Good,0
988,85,88,90,94,31,85,98,Positive,High,Good,1
989,72,78,82,87,23,80,92,Positive,Medium,Moderate,1
990,82,88,92,94,32,87,97,Positive,Low,Good,1
991,65,70,75,79,17,68,82,Positive,High,Good,0
992,75,80,85,88,25,78,90,Positive,Medium,Moderate,1
993,58,62,68,76,14,62,72,Neutral,High,Good,0
994,88,90,94,97,34,88,96,Positive,Low,Good,1
995,70,75,80,86,21,76,88,Positive,High,Good,1
996,77,82,87,90,27,82,93,Positive,Medium,Moderate,1
997,63,68,72,78,16,70,80,Neutral,Low,Good,0
998,85,88,90,94,31,85,98,Positive,High,Good,1
999,72,78,82,87,23,80,92,Positive,Medium,Moderate,1
1000,82,88,92,94,32,87,97,Positive,Low,Good,1